	{ 
		
		"madra_catacombes": [
			
				{
					"density": 2, "friction": 0, "bounce": 0, 
					"filter": { "categoryBits": 1, "maskBits": 65535 },
					"shape": [   31.6000003814697, 136  ,  0.400000005960464, 143.399999976158  ,  15, 105.200000762939  ,  30.6000003814697, 114.60000038147  ]
				}  ,
				{
					"density": 2, "friction": 0, "bounce": 0, 
					"filter": { "categoryBits": 1, "maskBits": 65535 },
					"shape": [   33.5999984741211, 72.5999984741211  ,  15, 88.4000015258789  ,  0.200000002980232, 0.399993896484375  ,  34, 6.60000610351562  ]
				}  ,
				{
					"density": 2, "friction": 0, "bounce": 0, 
					"filter": { "categoryBits": 1, "maskBits": 65535 },
					"shape": [   65.5999984741211, 104.799999237061  ,  79.4000015258789, 144  ,  50.7999992370605, 136.800000190735  ,  50.7999992370605, 115.39999961853  ]
				}  ,
				{
					"density": 2, "friction": 0, "bounce": 0, 
					"filter": { "categoryBits": 1, "maskBits": 65535 },
					"shape": [   79.8000030517578, 1  ,  66.1999969482422, 88  ,  47.5999984741211, 72.4000015258789  ,  47.7999992370605, 6.60000610351562  ]
				}  ,
				{
					"density": 2, "friction": 0, "bounce": 0, 
					"filter": { "categoryBits": 1, "maskBits": 65535 },
					"shape": [   15, 88.4000015258789  ,  15, 105.200000762939  ,  0.400000005960464, 143.399999976158  ,  0.200000002980232, 0.399993896484375  ]
				}  ,
				{
					"density": 2, "friction": 0, "bounce": 0, 
					"filter": { "categoryBits": 1, "maskBits": 65535 },
					"shape": [   79.4000015258789, 144  ,  65.5999984741211, 104.799999237061  ,  66.1999969482422, 88  ,  79.8000030517578, 1  ]
				}  ,
				{
					"density": 2, "friction": 0, "bounce": 0, 
					"filter": { "categoryBits": 1, "maskBits": 65535 },
					"shape": [   0.400000005960464, 143.399999976158  ,  31.6000003814697, 136  ,  50.7999992370605, 136.800000190735  ,  79.4000015258789, 144  ]
				}   ,
				{
					"density": 2, "friction": 0, "bounce": 0, 
					"filter": { "categoryBits": 1, "maskBits": 65535 },
					"shape": [   34, 72.6999969482422  ,  34.228572845459, 69.3571395874023  ,  47.2000007629395, 69.3000030517578  ,  47.5999984741211, 72.6999969482422  ]
				}   ,
				{
					"density": 2, "friction": 0, "bounce": 0, 
					"filter": { "categoryBits": 1, "maskBits": 65535 },
					"shape": [   47.2999992370605, 16.8000030517578  ,  47.9000015258789, 17.9000015258789  ,  34.2000007629395, 17.9000015258789  ,  34.5999984741211, 16.5999984741211  ]
				}  
		]
		
	}