{

    "madra_house_test": [
        {
            "shape": [ 53,53, 26,53, 41,41, 53,41 ]
        },
        {
            "shape": [ 42,9.333328247070312, 41,41, 31.33333396911621,22.666671752929688, 30,0, 41,0 ]
        },
        {
            "shape": [ 26,53, 0,24, 31.33333396911621,22.666671752929688, 41,41 ]
        },
        {
            "shape": [ 26,53, 25,151, 3,129, 0,24 ]
        }
    ]
}
