	{

		"madra_house_5": [

				{
					"density": 2, "friction": 0, "bounce": 0,
					"filter": { "categoryBits": 1, "maskBits": 65535 },
					"shape": [   59.8333320617676, 70.6666717529297  ,  60.1666679382324, 41.6666717529297  ,  99.3333358764648, 41.6666717529297  ,  99.5, 71.8333282470703  ]
				}   ,
				{
					"density": 2, "friction": 0, "bounce": 0,
					"filter": { "categoryBits": 1, "maskBits": 65535 },
					"shape": [   133.91667175293, 105.916664123535  ,  132.91667175293, 117.75  ,  124.75, 119.916664123535  ,  121.75, 104.916664123535  ]
				}   ,
				{
					"density": 2, "friction": 0, "bounce": 0,
					"filter": { "categoryBits": 1, "maskBits": 65535 },
					"shape": [   107.333335876465, 128.833335876465  ,  115.5, 107  ,  117.833335876465, 124.666664123535  ,  109.833335876465, 135.166664123535  ]
				}  ,
				{
					"density": 2, "friction": 0, "bounce": 0,
					"filter": { "categoryBits": 1, "maskBits": 65535 },
					"shape": [   107.333335876465, 128.833335876465  ,  85, 129.833335876465  ,  74.6666641235352, 126.333335876465  ,  75.5, 107  ,  115.5, 107  ]
				}  ,
				{
					"density": 2, "friction": 0, "bounce": 0,
					"filter": { "categoryBits": 1, "maskBits": 65535 },
					"shape": [   74.6666641235352, 126.333335876465  ,  85, 129.833335876465  ,  82.3333358764648, 133.666664123535  ]
				}   ,
				{
					"density": 2, "friction": 0, "bounce": 0,
					"filter": { "categoryBits": 1, "maskBits": 65535 },
					"shape": [   101.166664123535, 137.333332061768  ,  99.6666641235352, 150.833332061768  ,  91.8333358764648, 150.666667938232  ,  89.8333358764648, 137.666667938232  ]
				}   ,
				{
					"density": 2, "friction": 0, "bounce": 0,
					"filter": { "categoryBits": 1, "maskBits": 65535 },
					"shape": [   -0.0833333358168602, 200.483333319426  ,  37.25, 183.75  ,  56, 184.25  ,  56, 200  ]
				}  ,
				{
					"density": 2, "friction": 0, "bounce": 0,
					"filter": { "categoryBits": 1, "maskBits": 65535 },
					"shape": [   144.5, 143.5  ,  170.25, 166.75  ,  140, 165.25  ]
				}  ,
				{
					"density": 2, "friction": 0, "bounce": 0,
					"filter": { "categoryBits": 1, "maskBits": 65535 },
					"shape": [   36, 56.25  ,  0, 0.416671752929688  ,  40, 0.416671752929688  ,  57.25, 40.25  ,  56.75, 55.5  ]
				}  ,
				{
					"density": 2, "friction": 0, "bounce": 0,
					"filter": { "categoryBits": 1, "maskBits": 65535 },
					"shape": [   105.25, 40.75  ,  208, 48.5  ,  139.75, 89.75  ,  107, 79  ]
				}  ,
				{
					"density": 2, "friction": 0, "bounce": 0,
					"filter": { "categoryBits": 1, "maskBits": 65535 },
					"shape": [   170.25, 166.75  ,  208, 48.5  ,  208.25, 199.75  ,  178.75, 183.75  ,  167.75, 176.75  ]
				}  ,
				{
					"density": 2, "friction": 0, "bounce": 0,
					"filter": { "categoryBits": 1, "maskBits": 65535 },
					"shape": [   208, 48.5  ,  105.25, 40.75  ,  40, 0.416671752929688  ,  207.5, 0.5  ]
				}  ,
				{
					"density": 2, "friction": 0, "bounce": 0,
					"filter": { "categoryBits": 1, "maskBits": 65535 },
					"shape": [   -0.0833333358168602, 200.483333319426  ,  0, 0.416671752929688  ,  36, 56.25  ,  37.25, 183.75  ]
				}  ,
				{
					"density": 2, "friction": 0, "bounce": 0,
					"filter": { "categoryBits": 1, "maskBits": 65535 },
					"shape": [   40, 0.416671752929688  ,  105.25, 40.75  ,  57.25, 40.25  ]
				}  ,
				{
					"density": 2, "friction": 0, "bounce": 0,
					"filter": { "categoryBits": 1, "maskBits": 65535 },
					"shape": [   139.75, 89.75  ,  208, 48.5  ,  170.25, 166.75  ,  144.5, 143.5  ,  135.75, 118.75  ]
				}  ,
				{
					"density": 2, "friction": 0, "bounce": 0,
					"filter": { "categoryBits": 1, "maskBits": 65535 },
					"shape": [   88, 199.75  ,  87.25, 184  ,  178.75, 183.75  ,  208.25, 199.75  ]
				}
		]

	}
